lemma	translation	rel	p-value
نَفس	same,self	attr	4.93E-146
نَظِير	counterpart,opposite_number,colleague,peer	attr	1.17E-47
قَول	statement,remark,reports	attr	3.17E-36
بَلَد	country	attr	1.21E-25
وَحد	self,by_oneself,alone,only	attr	3.88E-21
وَالِد	father,parent,father_and_mother	attr	6.26E-20
ذَات	self,being,essence	attr	3.49E-19
قِيمَة	value,worth,amount,quantity	attr	1.03E-14
زَمِيل	colleague,associate,companion	attr	7.36E-13
أَمَل	hope,wish	attr	1.75E-11
غَير	other,unlike,not,non_-	attr	2.92E-11
عُمر	age,life,age_group	attr	3.85E-10
رَأس	head,top,tip,cape	attr	6.5E-10
اِلتِزَام	commitment,obligation	attr	1.71E-09
شَأن	matter,affair,concern,regard	attr	2.2E-09
زَوجَة	wife,spouse	attr	2.56E-09
مَنصِب	post,position,office	attr	4.06E-09
كَون	being,events	attr	5.2E-09
رَغبَة	desire,wish	attr	6.75E-09
قَدر	extent,degree,amount,value,level	attr	2.7E-08
مَصرَع	death,fatality	attr	3.87E-08
لِقَاء	meeting,encounter,interview	attr	9.56E-08
اِعتِبَار	consideration,regard	attr	1.49E-07
مَتن	deck,board,surface	attr	2.93E-07
حَقّ	truth,right,law	attr	3.73E-07
جَانِب	side,aspect	attr	3.76E-07
اِبنَة	daughter	attr	4.21E-07
مُفَاد	meaning,content	attr	4.21E-07
مَهَمَّة	task,assignment,mission	attr	5.08E-07
صَدِيق	friend	attr	5.45E-07
مَوقِف	position	attr	5.51E-07
اِسم	name	attr	8.13E-07
اِستِقَالَة	resignation,retirement	attr	1.53E-06
رَأي	opinion,view,idea	attr	1.62E-06
حَوزَة	possession,territory	attr	1.63E-06
صَادِر	export	attr	1.73E-06
اِبن	son,child	attr	2.11E-06
تَعزِيَة	condolence,mourning	attr	2.41E-06
مُقَدَّم	front_part	attr	2.41E-06
قُدرَة	capacity,ability,potential,power	attr	2.96E-06
يَد	hand	attr	3.86E-06
تَوَاجُد	presence	attr	5.21E-06
عَين	ain_(_Arabic_letter_)	attr	6.49E-06
هُوِيَّة	identity,identity_card	attr	6.49E-06
طَرح	suggestion,proposal	attr	8.61E-06
تَخصِيص	designation,allocation,apportionment	attr	1.1E-05
كَلِمَة	word,remark,speech	attr	1.4E-05
تَنفِيذ	implementation,execution,carrying_out	attr	1.67E-05
رَفِيق	companion,partner,comrade	attr	2.06E-05
اِحتِيَاج	need,requirement	attr	2.7E-05
مُغَادَرَة	departure	attr	2.77E-05
جَولَة	tour,patrol,round	attr	3.43E-05
نَوع	type,kind,form	attr	3.78E-05
خَلِيفَة	deputy,caliph	attr	3.8E-05
دَهشَة	surprise,alarm	attr	3.8E-05
مُحَاصَرَة	blockade,encirclement	attr	3.8E-05
نَفي	denial,disavowal	attr	3.8E-05
وُسع	capability,capacity	attr	3.8E-05
نُفُوذ	influence,effect	attr	4.63E-05
مَوقِع	position,location,site	attr	5.24E-05
رَفض	rejection,refusal	attr	5.4E-05
إِنتَاج	production,output	attr	8.12E-05
صَفحَة	page,leaf	attr	8.47E-05
مُقتَضَى	requirement,exigency	attr	8.47E-05
بَيع	sale	attr	9.72E-05
دَور	role,part	attr	0.000111
نَشَاط	activity,active	attr	0.000143
اِستِيَاء	dissatisfaction,displeasure	attr	0.00015
تَوَلِّي	taking_charge_of,assuming_responsibility	attr	0.00015
رُمَّة	entire,complete	attr	0.00015
زِنزَانَة	prison_cell	attr	0.00015
فَوز	victory	attr	0.000164
مُوَاطِن	citizen	attr	0.000197
مَسؤُولِيَّة	responsibility	attr	0.0003
مَصِير	path,destiny,fate	attr	0.000332
أَقرَب	relatives,extended_family	attr	0.000378
مِلكِيَّة	property,ownership	attr	0.000378
مَنزِل	house,residence	attr	0.000433
تَأيِيد	support,approval,assistance	attr	0.000467
مُمتَلَكَات	property,possessions,dependencies	attr	0.000467
إِلغَاء	cancellation,abrogation,repeal	attr	0.000516
سِيَادَة	sovereignty,supremacy,Excellency	attr	0.000521
قَلَق	unrest,concern,apprehension	attr	0.000562
غَالِبِيَّة	majority	attr	0.000606
وُصُول	arrival,achievement	attr	0.000669
جِهَة	side,part,direction,sectors,offices,institutions,officials,individuals	attr	0.000745
تَمكِين	enabling,making_possible,strengthening	attr	0.000806
وَظِيفَة	job,position,function	attr	0.000806
تَعرِيف	identification,notification	attr	0.000807
مَسِيرَة	operation,activities,functioning	attr	0.000807
عَلَاقَة	connection,relation,link,ties,contacts,straps,cords	attr	0.000898
مَقَرّ	center,headquarters,residence	attr	0.000988
تَحوِيل	conversion,transfer	attr	0.00101
رَصِيد	funds,stock,inventory	attr	0.00112
وَاجِب	duty,obligation,requirement	attr	0.00112
تَرحِيب	welcoming,greeting	attr	0.00129
مُحَاكَمَة	judicial_proceeding,legal_prosecution	attr	0.00129
إِدَانَة	condemnation,censure	attr	0.00138
إِمبِرَاطُورِيَّة	empire	attr	0.00138
تَوعِيَة	making_aware,enlightening	attr	0.00138
اِستِخدَام	usage,using,utilization	attr	0.0015
بَعض	some,several	attr	0.00173
تَعَهُّد	responsibility,commitment,obligation	attr	0.00194
تَعَرُّض	being_exposed_to,encountering	attr	0.00201
اِتِّهَام	accusation,charge,indictment	attr	0.00214
صَاحِب	owner,originator	attr	0.00232
رِبح	profit,interest,dividends,revenues	attr	0.00251
قَلب	heart,center,essence	attr	0.00251
رَأسمَال	capital	attr	0.00261
اِعتِقَاد	belief,conviction	attr	0.00265
تَطَلُّع	endeavor,aspiration,hope	attr	0.00265
تَنَاوُل	dealing_with,eating	attr	0.00265
فَتوَى	fatwa,legal_opinion	attr	0.00265
نَشرَة	report,announcement,proclamation	attr	0.00265
دُخُول	entrance,penetration	attr	0.00271
أَهل	family,people,folk,indigenous_people	attr	0.00278
مُقَدِّمَة	preface,introduction,front_part	attr	0.00278
أَسر	capture,captivity	attr	0.00282
اِستِطَاعَة	capability,possibility	attr	0.00282
اِقتِطَاع	deduction	attr	0.00282
بَشَرَة	epidermis	attr	0.00282
تَصَفُّح	examination,perusal	attr	0.00282
جَسَد	body	attr	0.00282
حَتف	death	attr	0.00282
حُمُولَة	tonnage,load_capacity	attr	0.00282
سُرُور	delight,pleasure	attr	0.00282
ضَمِير	conscience,pronoun	attr	0.00282
مُرَافَقَة	accompaniment,escort	attr	0.00282
مَولَى	master,lord	attr	0.00282
طَرِيق	road,way	attr	0.00285
صِفَة	attribute,characteristic,feature	attr	0.00306
قِيَام	undertaking,carrying_out	attr	0.00331
تَسلِيم	handing_over,delivery,surrender	attr	0.00333
تَعيِين	appointing,assignment	attr	0.00333
خِطَاب	speech	attr	0.00349
أَب	father,ancestor,parent	attr	0.00385
سَفَر	travel,trip,journeys	attr	0.00385
مُوجِب	reason,motive	attr	0.00385
رِحلَة	journey,career	attr	0.00402
بَاب	door,gate	attr	0.00406
عَائِلَة	family,household	attr	0.0044
إِحَالَة	transfer,remittance	attr	0.00445
بَرَاءَة	innocence	attr	0.00445
تَحمِيل	burdening,loading,shipment	attr	0.00445
تَسدِيد	payment,paying	attr	0.00445
تَفَاؤُل	optimism	attr	0.00445
تَوَرُّط	entanglement,involvement	attr	0.00445
خُصُوصِيَّة	unique_characteristic,private_affair,specialty,peculiarity	attr	0.00445
خَطف	abduction,kidnapping,hijacking	attr	0.00445
قِرَاءَة	reading	attr	0.00445
مِلك	property,real_estate,possessions	attr	0.00445
حُصُول	acquisition,obtaining,occurrence,happening	attr	0.00464
رَبط	tying,connecting	attr	0.00517
مُسَاعِد	assistant,supporter	attr	0.00522
تَأسِيس	establishment,creation,installation	attr	0.00614
اِجتِمَاع	meeting,gathering	attr	0.00631
اِتِّبَاع	pursuit,compliance	attr	0.00684
سُمعَة	reputation,renown,fame	attr	0.00684
صَلَاحِيَّة	practicability,viability,competence	attr	0.00684
فِقدَان	loss,bereavement	attr	0.00684
مَظهَر	appearance,facade,feature,manifestation	attr	0.00684
إِفَادَة	notification,communication	attr	0.00816
إِمدَاد	supplying,furnishing	attr	0.00816
اِرتِكَاب	perpetration,commission	attr	0.00816
بَشَر	mankind	attr	0.00816
تَفرِيق	separation,division	attr	0.00816
جَلب	acquisition,arraignment	attr	0.00816
ذُروَة	peak,summit	attr	0.00816
عَزم	determination,firm_resolve	attr	0.00816
قَنَاعَة	satisfaction,moderation	attr	0.00816
مُحتَوَى	content	attr	0.00816
مَنفَى	exile,banishment	attr	0.00816
تَكلِيف	charging,commissioning	attr	0.00863
رَاتِب	salary,pay,wages	attr	0.00863
زِيَارَة	visit	attr	0.00864
مِسَاحَة	surface,space,land,terrain	attr	0.00917
مَعرَكَة	battle,campaign	attr	0.00917
مُعظَم	most_of,the_majority_of	attr	0.0096
شِفَاء	cure,remedy,medication	attr	0.00986
حَدِيث	discussion,talk,interview	attr	0.0115
أَرض	earth,territory,land	attr	0.0119
عَدَد	number,quantity,issue	attr	0.0125
مَصلَحَة	interest,advantage,agency	attr	0.0125
اِهتِمَام	interest,concern,care,attention	attr	0.0126
أَولَوِيَّة	priority,precedence	attr	0.0133
تَطبِيق	application	attr	0.0137
عَودَة	return	attr	0.0138
فِكر	thought,thinking,ideas,concepts	attr	0.0149
مَعنَى	meaning,sense,concepts,nuances	attr	0.0149
مُحَادَثَة	discussion,talk,negotiation	attr	0.015
إِعجَاب	admiration,wonder,surprise	attr	0.0157
إِفلَاس	bankruptcy,insolvency	attr	0.0157
اِستِدعَاء	summons,petition	attr	0.0157
جُهد	strain,exertion	attr	0.0157
رَجَاء	hope	attr	0.0157
سَلَف	ancestor	attr	0.0157
شَعبِيَّة	popularity	attr	0.0157
قَارِب	boat	attr	0.0157
مُؤَازَرَة	assistance,cooperation	attr	0.0157
مِحنَة	ordeal,test,trial	attr	0.0157
مُهَاجَمَة	raid,attack,charge	attr	0.0157
ذِكر	mention,citation,memory	attr	0.0162
وُجُود	presence,existence	attr	0.0169
تَأكِيد	confirmation,affirmation,guarantee	attr	0.0172
إِجَازَة	vacation,leave,holiday,permit,license	attr	0.0179
إِيمَان	belief,faith	attr	0.0179
صِيَانَة	maintenance,preservation	attr	0.0179
ضَمّ	joining,addition,annexation	attr	0.0179
مَسعَى	effort,endeavor	attr	0.0179
هُبُوط	landing,descent,drop,fall,downfall	attr	0.0179
عَرض	presentation,review,show,offer,tenders	attr	0.0191
مُشَارَكَة	participation,association	attr	0.0191
إِعطَاء	giving,donation,offer,concession	attr	0.0194
تَجَاوُز	exceeding,overstepping	attr	0.0229
حِرص	desire,eagerness,keenness	attr	0.0229
مِقدَار	extent,amount,degree,level,value,dosage	attr	0.0229
وَالِدَة	mother,parent	attr	0.0229
أَدَاء	performance,fulfillment	attr	0.023
إِنزَال	lowering,disembarking,landing	attr	0.0253
اِستِبدَال	substitution,exchange,replacement	attr	0.0253
اِستِردَاد	reclamation,recovery,retraction	attr	0.0253
تَركِيبَة	structure,composition	attr	0.0253
مُجمَل	summary,total	attr	0.0253
مَردُود	yield,returns,revenue	attr	0.0253
شَرِيك	partner,associate	attr	0.0256
تَصدِير	export,exporting	attr	0.0274
دَين	debt	attr	0.0282
تَارِيخ	date,history	attr	0.0308
تَشغِيل	operation,activation,employment,hiring	attr	0.0313
خِبرَة	experience,expertise	attr	0.0313
مَطلَب	request,demand,claim,desideratum	attr	0.0313
دَعم	support,assistance,endorsement	attr	0.0314
تَحصِيل	summary,acquisition	attr	0.0351
صُعُود	ascent,rising	attr	0.036
إِقلَاع	departure,take_-_off	attr	0.0366
تَفَوُّق	superiority,supremacy,excellence	attr	0.0366
تَكفِير	atonement,penance	attr	0.0366
عَقل	mind,intellect,brain,senses	attr	0.0366
كُتلَة	bloc,group,mass	attr	0.0366
مُلَاحَظَة	observation,remark,guidelines	attr	0.0366
أَثَر	effect,trace	attr	0.0403
تَوقِيع	signing	attr	0.0403
إِمكَان	possibility,capability	attr	0.0406
سَعي	endeavor,pursuit	attr	0.0411
شَكوَى	complaint,grievance	attr	0.0421
بَقَاء	survival,remaining	attr	0.0466
اِنتِمَاء	membership,affiliation,commitment	attr	0.0495
تَأجِير	leasing,lease	attr	0.0495
تَرشِيح	nomination,candidacy	attr	0.0495
تَوظِيف	usage,making_use_of,employment	attr	0.0495
ثَابِتَة	fixed_star	attr	0.0495
ثُلث	third	attr	0.0495
حِيَازَة	possession,attainment	attr	0.0495
خَشيَة	fear,apprehension	attr	0.0495
دَمج	insertion,inclusion,integration	attr	0.0495
نَاخِب	voter,elector	attr	0.0495
نَجل	son,scion,progeny	attr	0.0495
هَمّ	concern,interest	attr	0.0495
وَتِيرَة	manner,method,style	attr	0.0495
دَار	house,home,abodes	attr	0.0499
طَبِيعَة	nature,natural	attr	0.0499
مُوَظَّف	employee	attr	0.0525
أَزر	strength	attr	0.0531
أَلَم	pain,suffering	attr	0.0531
أَوج	climax,maximum,height,summit	attr	0.0531
إِحسَاس	feeling,sensitivity	attr	0.0531
إِخمَاد	extinguishing	attr	0.0531
إِذعَان	submissiveness,compliance,obedience	attr	0.0531
إِرهَاق	pressure,oppression,heavy_burden	attr	0.0531
إِعَاقَة	hindering,impeding	attr	0.0531
إِفسَاد	corruption,debasement,contamination	attr	0.0531
إِيمَاءَة	gesture,sign,clue	attr	0.0531
إِيوَاء	accommodation,housing	attr	0.0531
اِزدِرَاء	contempt,disregard	attr	0.0531
اِستِخرَاج	extraction,removal,deduction	attr	0.0531
اِستِيفَاء	fulfillment,completion	attr	0.0531
اِضمِحلَال	disappearance,fading	attr	0.0531
اِعتِزَال	retirement,seclusion	attr	0.0531
اِفتِئَات	oppression,violence	attr	0.0531
اِقتِصَادِيَّة	economist	attr	0.0531
اِقتِصَار	be_limited_to,abbreviate,shorten	attr	0.0531
اِنتِدَاب	appointing,commissioning,deputation,dedication	attr	0.0531
بُؤس	dejection,misery	attr	0.0531
بِدعَة	heresy,novelty	attr	0.0531
بَزَّة	clothing,dress	attr	0.0531
تَأدِيَة	accomplishment,performance	attr	0.0531
تَأَزُّم	aggravation,raising_of_tension	attr	0.0531
تَأَلُّق	glitter,radiance	attr	0.0531
تَأمِيم	nationalization	attr	0.0531
تَبرِئَة	exemption,acquittal	attr	0.0531
تَجذِير	evolution,root_extraction	attr	0.0531
تَحِيَّة	greeting,salute,salutations	attr	0.0531
تَدَارُك	be_cautious,put_in_order,correct	attr	0.0531
تَذَمُّر	grumbling,grievance	attr	0.0531
تَزيِيف	forgery,falsification	attr	0.0531
تَسَبُّب	causing,producing,provoking	attr	0.0531
تَسمِيَة	appellation,designation,naming	attr	0.0531
تَسيِير	propulsion,steering,guidance	attr	0.0531
تَصرِيف	selling,passing	attr	0.0531
تَعَاطُف	mutual_sympathy,mutual_affection	attr	0.0531
تَفضِيل	preference,esteem	attr	0.0531
تَكذِيب	denial,refutation	attr	0.0531
تَمَركُز	concentration,consolidation,centralization	attr	0.0531
تَوَابِع	dependencies,satellites	attr	0.0531
تَوَفُّر	availability,abundance,existence	attr	0.0531
ثَقب	perforation,piercing,puncture	attr	0.0531
ثَمَر	fruit,result,effect,yield,profit	attr	0.0531
حُزن	sadness	attr	0.0531
حِضن	bosom,arms	attr	0.0531
حِقد	malice,resentment	attr	0.0531
حَنِين	yearning,nostalgia	attr	0.0531
حِيَاد	neutrality,derailment	attr	0.0531
خَلع	extraction,removal	attr	0.0531
رَثَاثَة	shabbiness	attr	0.0531
رَجعِيَّة	reactionary_conservatism,reaction	attr	0.0531
رَحبَة	wide_area,courtyard,campus,protection	attr	0.0531
رَذَاذ	drizzle,sprinkle	attr	0.0531
رُشد	integrity,maturity	attr	0.0531
رَقَبَة	neck,slaves	attr	0.0531
زِنَة	weighing,weight	attr	0.0531
سُبحَان	praise	attr	0.0531
سُكنَى	residence	attr	0.0531
سَمّ	poison,toxins	attr	0.0531
سَهرَة	soiree,evening_gathering	attr	0.0531
سِوَى	equality	attr	0.0531
شَرِيكَة	partner,associate	attr	0.0531
شَفِيع	mediator,intercessor	attr	0.0531
شَقِيقَة	sister	attr	0.0531
شُمُولِيَّة	universality,totality	attr	0.0531
شَنق	hanging_(_execution_)	attr	0.0531
ضَيف	guest,visitor	attr	0.0531
طَمأَنَة	pacifying,calming,reassuring	attr	0.0531
طَهَارَة	purity,chastity	attr	0.0531
طَيَّة	fold,interior,insides_(_of_)	attr	0.0531
عَاطِفَة	emotion,affection,sentiments	attr	0.0531
عَظم	bone	attr	0.0531
عَوَادِم	refuse,waste	attr	0.0531
غِنَى	wealth	attr	0.0531
فَخذ	thigh,leg	attr	0.0531
فَرَح	joy,happiness,festivity	attr	0.0531
فَردِيَّة	individualism	attr	0.0531
فَرش	household_effects	attr	0.0531
فَقد	loss,bereavement	attr	0.0531
فَقِيد	deceased	attr	0.0531
قَدَر	fate,destiny	attr	0.0531
قَدُّوم	adz	attr	0.0531
قِوَام	support,sustenance,livelihood	attr	0.0531
كَعب	heel	attr	0.0531
لَفظ	word,term,expression	attr	0.0531
مِئذَنَة	minaret	attr	0.0531
مَاسُورَة	pipe,hose	attr	0.0531
مَاهِيَّة	nature,essence,quality	attr	0.0531
مَتَاع	property,commodities,goods	attr	0.0531
مُخِيلَة	dubious,vague,confusing	attr	0.0531
مَذهَب	ideology,trend,sects	attr	0.0531
مُرَاجِع	reviewer,examiner	attr	0.0531
مَرَدّ	underlying_factor,rejection	attr	0.0531
مِزَاج	temperament,mood,feeling	attr	0.0531
مَشوَرَة	consultation,deliberation,advice	attr	0.0531
مِصرَاع	hemistich,door_panel	attr	0.0531
مُضَاعَفَات	complications	attr	0.0531
مُعَاوِن	helper,supporter	attr	0.0531
مَغَارِب	western_areas	attr	0.0531
مَغزَى	significance,meaning	attr	0.0531
مَقدُور	capacity,capability,possibility	attr	0.0531
مُنَاصِر	supported,defender	attr	0.0531
مِنهَاج	method,program,curriculum	attr	0.0531
مَيل	inclination,tendency,sympathy	attr	0.0531
نَحر	slaughtering,butchering	attr	0.0531
نَزعَة	inclination,tendency,trend	attr	0.0531
نُشُوب	outbreak,adherence_to	attr	0.0531
نَظِيرَة	counterpart,opposite_number,colleague,peer	attr	0.0531
نَعي	obituary_notice	attr	0.0531
نَقمَة	revenge,malice	attr	0.0531
نَقِيض	opposite,contrary,contrast	attr	0.0531
وَارِث	heir,inheritor	attr	0.0531
يُوبِيل	jubilee	attr	0.0531
شَعب	people,nation	attr	0.0548
تَركِيز	emphasis,focus,concentration,installation	attr	0.0582
تَجهِيز	equipment,gear	attr	0.0637
تَسَلُّم	receipt,taking_over	attr	0.0637
جَائِزَة	prize,reward	attr	0.0637
حَقِيبَة	briefcase,suitcase,portfolio,luggage	attr	0.0637
زَوج	husband,spouse,married_couple	attr	0.0637
سِنّ	tooth,point,tip	attr	0.0637
فَاعِلِيَّة	activity,effectiveness	attr	0.0637
مَعلَم	sign,mark,features,sights	attr	0.0637
نَظرَة	look,glance,view	attr	0.0637
وَفَاة	death	attr	0.0654
تَدَاوُل	alternation,circulation	attr	0.0672
تَعبِير	expression	attr	0.0672
مُطَالَبَة	requirement,demand	attr	0.0672
ضَحِيَّة	victim	attr	0.0725
صَفّ	line,row,class	attr	0.0768
إِيقَاف	stopping,halting	attr	0.0791
صِيَاغَة	drafting,formulation,constructing	attr	0.0791
ضَخّ	pumping,injecting	attr	0.0791
عَزل	removal,dismissal	attr	0.0791
مُخَصَّص	allocations,credits,coupons	attr	0.0791
مُقتَرَح	proposal,suggestion	attr	0.0791
مِيثَاق	treaty,pact,charter	attr	0.0791
تَأثِير	effect,influence,impact	attr	0.0799
اِستِبعَاد	ruling_out,distancing	attr	0.0869
وَطَن	nation,homeland	attr	0.0869
مُدَّة	period_of_time,interval	attr	0.0875
وِجهَة	point_of_view,angle	attr	0.0876
جَلسَة	session,meeting	attr	0.0889
إِدخَال	insertion,entering,inclusion	attr	0.0955
تَمدِيد	extension,prolongation,lengthening	attr	0.0955
سَير	course,motion,march	attr	0.0955
غَرَق	drowning,sinking,inundation	attr	0.0955
مُقَدَّمَة	preface,introduction,front_part	attr	0.0955
طَاقِم	crew	attr	0.0956
إِنفَاق	expenditure,disbursement,expenses	attr	0.0975
مُدَرِّب	trainer,coach,instructor	attr	0.0975
وَدِيعَة	deposit,trust,charge	attr	0.0975
إِقَامَة	residency,setting_up	attr	0.1
أُذُن	ear	attr	0.103
أَسَف	regret,sorry	attr	0.103
أَنف	nose,pride	attr	0.103
إِبرَاز	displaying,emphasizing,accentuation	attr	0.103
إِخضَاع	subjection,surrender	attr	0.103
إِخطَار	notification,warning	attr	0.103
إِرث	inheritance,heritage,legacy	attr	0.103
إِشعَار	notice,notification	attr	0.103
إِقدَام	courage,audacity	attr	0.103
إِيصَال	connection,transportation,transmission	attr	0.103
اِبتِعَاد	avoiding,eschewing	attr	0.103
اِستِنكَار	repudiation,ignorance,lack_of_knowledge	attr	0.103
اِعتِزَام	be_determined,be_resolute	attr	0.103
اِفتِرَاء	lying,falsehood,lies	attr	0.103
اِقتِنَاع	belief,conviction	attr	0.103
اِنزِعَاج	disturbance,trouble	attr	0.103
بُرُوز	prominence,appearance	attr	0.103
تَأدِيب	chastisement,education	attr	0.103
تَبَع	subordinate,follower	attr	0.103
تَتوِيج	coronation,crowning	attr	0.103
تَحلِيق	flight,flying,take_-_off	attr	0.103
تَضَمُّن	inclusion	attr	0.103
تَعَلُّق	connection,relationship	attr	0.103
تَفَهُّم	understanding,comprehension	attr	0.103
تَلزِيم	award_of_open_contract	attr	0.103
تَمَتُّع	enjoyment	attr	0.103
جُغرَافِيَّة	geographer	attr	0.103
جُهُوزِيَّة	preparedness,fitness	attr	0.103
جَوهَر	essence,substance	attr	0.103
حَدَاثَة	modernity,newness	attr	0.103
خَنق	choking,suppression	attr	0.103
دِمَاغ	brain	attr	0.103
ذَيل	tail,end,supplement,addendum,consequence	attr	0.103
رَشّ	sprinkling,spraying	attr	0.103
سُكَّان	rudder,helm	attr	0.103
سَمَاحَة	munificence,eminence	attr	0.103
شَرح	explanation,commentary	attr	0.103
طَاق	layer,stratum	attr	0.103
عَاقِبَة	result,consequence	attr	0.103
عَظمَة	majesty,grandeur	attr	0.103
فَخر	pride,boasting,glory	attr	0.103
فَلّ	dent,notch,nick	attr	0.103
قُدُوم	arrival,coming	attr	0.103
كَوكَب	planet,star	attr	0.103
مَحفَظَة	pocketbook,portfolio	attr	0.103
مُرتَكِب	perpetrator	attr	0.103
مُسَمَّى	title,name	attr	0.103
مِفتَاح	key,switch,wrench	attr	0.103
مُقَدَّسَات	sacred_sites,sacred_things	attr	0.103
مَقدَم	arrival,advent	attr	0.103
مُنَافِس	competitor,competing,rival	attr	0.103
مُنتَقِد	critic	attr	0.103
مَنعَة	resistance,stamina	attr	0.103
مَهَارَة	skill,proficiency,crafts	attr	0.103
نَزَاهَة	impartiality,neutral_attitude	attr	0.103
هُرُوب	escape,fleeing	attr	0.103
وَاضِع	writer,author,originator	attr	0.103
يَقِين	certainty,certitude,conviction	attr	0.103
حَيَاة	life	attr	0.108
أُسطُول	fleet,squadron	attr	0.109
إِقرَار	ratification,confirmation	attr	0.109
تَسوِيق	marketing	attr	0.109
رُؤيَة	vision,sight,view,opinion,viewing	attr	0.109
مُستَوَى	level,standard	attr	0.11
إِصرَار	insistence,determination,premeditation	attr	0.113
تَحَمُّل	assumption,bearing,duties	attr	0.113
تَعَاطِي	pursuit,practice,addiction	attr	0.113
تَفسِير	explanation,commentary,exegesis,Quranic_commentary	attr	0.113
مَعرِفَة	knowledge,information,acquaintance,culture,education	attr	0.113
ثَقَافَة	culture,civilization	attr	0.12
تَوَجُّه	attitude,approach	attr	0.122
مُوَافَقَة	agreement	attr	0.122
تَدَخُّل	intervention,interference	attr	0.131
تَسجِيل	registration,recording,documentation,records,documents	attr	0.131
تَشيِيد	construction,erection	attr	0.131
ثِقَة	trust,confidence	attr	0.131
دَفع	pushing,propelling,payment	attr	0.131
صِلَة	link,connection,contact	attr	0.131
مُعَامَلَة	treatment,dealing_with,procedure	attr	0.131
نَجم	star,constellation	attr	0.131
نَصِيب	share,dividend	attr	0.131
جَهد	exertion,endeavor,efforts	attr	0.14
دِين	religion	attr	0.141
مَنح	granting,bestowal,awarding	attr	0.141
لُغَة	language	attr	0.145
مَحَلّ	place,location	attr	0.145
اِحتِرَام	respect,honoring,out_of_respect_for,in_honor_of	attr	0.149
رُوح	spirit,soul	attr	0.149
إِخرَاج	production,extraction,ousting	attr	0.151
إِرجَاء	postponement,deferment	attr	0.151
إِصدَار	export,issuance	attr	0.151
إِطفَاء	extinguishing,fire_fighting	attr	0.151
إِنتَاجِيَّة	productivity	attr	0.151
اِستِسلَام	surrender,capitulation,resignation	attr	0.151
اِستِقبَال	reception,welcoming	attr	0.151
اِستِيلَاء	appropriation,seizure	attr	0.151
اِمتِلَاك	possession,seizure,control	attr	0.151
اِنعِكَاس	reflection,inversion,repercussion	attr	0.151
بَال	mind,attention	attr	0.151
تَأَهُّل	qualification,suitability,competency	attr	0.151
تَصَدِّي	resistance,confrontation	attr	0.151
تَقَاسُم	partitioning,sharing_portions	attr	0.151
تَمرِير	passing,transfer	attr	0.151
جَارِحَة	predatory,extremities	attr	0.151
جِذر	root,stub	attr	0.151
حِذَاء	(_pair_of_)_shoes	attr	0.151
حَرَج	thicket,forest	attr	0.151
سَطح	roof,terrace	attr	0.151
شَاحِنَة	truck,lorry,freight_car	attr	0.151
ضِمن	interior,content	attr	0.151
طَلِيعَة	vanguard,symptoms	attr	0.151
لِيَاقَة	capability,competence	attr	0.151
مُؤَلِّف	author,composer	attr	0.151
مَرسَى	anchorage	attr	0.151
مُسَبِّبَة	cause,causative_factor	attr	0.151
مُعتَقَد	dogma,creed,conviction	attr	0.151
مُوَاطِنَة	citizen	attr	0.151
نُزُول	descent,resignation	attr	0.151
وَلَد	child,son	attr	0.151
عَمَل	work,action,activities	attr	0.153
تَقدِيم	offering,presenting,submitting,offer,bid,service	attr	0.154
مُستَقبَل	future	attr	0.154
فَرض	imposing,levying,duties,suppositions	attr	0.158
أَصل	origin,root,principle	attr	0.161
حِصَّة	share,portion,quota	attr	0.161
شَرط	precondition,stipulation	attr	0.161
إِسقَاط	overthrow,shooting_down	attr	0.168
إِقنَاع	persuasion,convincing	attr	0.168
تَلَقِّي	receiving,receipt,acquisition	attr	0.168
جَدوَى	gift,present,advantage,gain,benefit	attr	0.168
شَكّ	doubt	attr	0.168
مِيزَانِيَّة	budget,balance	attr	0.168
اِفتِتَاح	opening,inauguration	attr	0.171
تَصنِيع	fabrication,industrialization,processing	attr	0.171
دَخل	income,revenue,business	attr	0.171
حَالَة	condition,case,situation	attr	0.176
خَسَارَة	loss,damage,casualties	attr	0.176
نِسبَة	link,relation,ratio,rate	attr	0.184
حُضُور	presence,attendance	attr	0.186
تَفكِير	thinking,meditation,reflection	attr	0.188
حَمَاس	fortitude,enthusiasm	attr	0.188
كُلفَة	formality,expenditure	attr	0.188
مَخَاطِر	dangers,perils,adventures	attr	0.188
مُعَسكَر	camp,encampment	attr	0.188
هُدُوء	calm,quiet,tranquillity	attr	0.188
مُنَاقَشَة	argument,debate	attr	0.19
اِستِيرَاد	importation,importing,imports,imported_goods	attr	0.195
إِجبَار	compulsion,coercion	attr	0.196
اِكتِنَاز	gathering,storing	attr	0.196
بُندُقِيَّة	rifle	attr	0.196
تَخَوُّف	fear,dread	attr	0.196
تَرحِيل	deportation,evacuation,exodus	attr	0.196
تَعقِيم	pasteurization,sterilization	attr	0.196
تَقلِيد	tradition,custom	attr	0.196
تَوَافُر	availability,abundance,existence	attr	0.196
جُمجُمَة	skull,cranium	attr	0.196
حِكمَة	wisdom,maxim	attr	0.196
دَافِع	incentive,motive	attr	0.196
ذَكَاء	cleverness	attr	0.196
رَحِيل	departure,demise	attr	0.196
رِفقَة	company,group,companions	attr	0.196
شَرع	law	attr	0.196
شَرَف	honor,distinction	attr	0.196
شَعر	hair	attr	0.196
صَدِيقَة	friend	attr	0.196
عَزَاء	consolation,mourning	attr	0.196
فَرحَة	joy	attr	0.196
كَرَامَة	dignity,generosity	attr	0.196
لَمسَة	touch,tinge,trace	attr	0.196
مُدَّخِرَة	saver,savings_account_holder	attr	0.196
مَزَاد	auction	attr	0.196
مُفَاعِل	reactor	attr	0.196
مُقَايَضَة	barter,exchange	attr	0.196
مُكَافَأَة	compensation,reward,remuneration	attr	0.196
مَنشَأ	source,origin,generation	attr	0.196
مُهِمَّة	important_matter,equipment,material,supplies	attr	0.196
نَوَاة	nucleus,core	attr	0.196
وَزن	weight,weighing	attr	0.196
وِسَاطَة	mediation,intercession	attr	0.196
مُبَاحَثَة	discussion,talk,negotiation	attr	0.198
اِرتِبَاط	connection,link,cohesion	attr	0.207
اِغتِيَال	assassination,murder	attr	0.207
بِيئَة	environment,milieu	attr	0.207
غَزو	invasion,attack,aggression,foray,incursion	attr	0.207
تَشكِيل	formation,composition,constitution	attr	0.21
حَملَة	campaign,expedition,attack	attr	0.21
جَمع	gathering,collection,joining	attr	0.227
أَقصَى	Aqsa	attr	0.239
إِبعَاد	deportation,exile,removal	attr	0.239
إِخلَال	breach,disturbance,harm	attr	0.239
إِشهَار	declaration,proclamation	attr	0.239
إِلقَاء	delivering,throwing,arresting	attr	0.239
اِستِهدَاف	targeting,aiming_at	attr	0.239
اِلتِحَام	cohesion,adhesion,close_union	attr	0.239
اِنحِرَاف	deviation,corruption	attr	0.239
تَخَلِّي	relinquishment,surrender,renunciation	attr	0.239
تَرسِيخ	rooting,anchoring,ingraining	attr	0.239
تَعمِيم	generalization,diffusion,spread	attr	0.239
حَظّ	luck,fortune,shares	attr	0.239
حَقل	field	attr	0.239
حَمل	carrying	attr	0.239
ذِكرَى	commemoration,remembrance,memoirs,diary	attr	0.239
رُجُوع	return,reverting	attr	0.239
رُوزنَامَة	almanac,calendar	attr	0.239
سَدّ	obstruction,defrayal_(_of_costs_),fulfillment	attr	0.239
عَافِيَة	good_health	attr	0.239
عُرف	custom,habit,protocol	attr	0.239
عَطَاء	giving,offering	attr	0.239
فَضّ	dispersal,separation	attr	0.239
مَثِيل	equal,match,peer	attr	0.239
مَجرَى	course,path	attr	0.239
مُقَوِّم	component,basic_element,ingredient	attr	0.239
مَنفَعَة	benefit,advantage,facilities	attr	0.239
مُوَرِّد	supplier,purveyor	attr	0.239
نَهب	looting,plundering	attr	0.239
وَعكَة	indisposition,sultriness	attr	0.239
إِشرَاف	supervision,direction,patronage	attr	0.247
بِطَاقَة	card,tag,ballot	attr	0.247
فَرع	branch,section,subdivision	attr	0.247
كَلَام	speech,statement,remark,talk,saying	attr	0.247
وَجه	face,front	attr	0.247
تَعلِيم	education,teaching,instructions,precepts	attr	0.255
طَائِرَة	aircraft,airplane	attr	0.264
تَوصِيَة	advice,recommendation	attr	0.267
مُنشَأَة	establishment,firm,installations,facilities	attr	0.267
نَصّ	text	attr	0.267
قُوَّة	power,strength,armed_forces	attr	0.274
تَطوِير	development,advancement,promotion	attr	0.275
إِدرَاك	attainment,realization,awareness	attr	0.279
إِشرَاك	participation,implication	attr	0.279
اِصطِدَام	collision,shock,impact	attr	0.279
تَرمِيم	restoration,renovation	attr	0.279
تَفرِيغ	emptying,unloading	attr	0.279
تَكرِير	refining,distillation	attr	0.279
تَلَاعُب	game,free_play,venality	attr	0.279
جَعل	making,bringing_about,appointing	attr	0.279
خَصم	adversary	attr	0.279
دُفعَة	time,instance	attr	0.279
رَائِد	leader,explorer,pioneer	attr	0.279
رَبّ	lord,master	attr	0.279
رِضَا	approval,pleasure	attr	0.279
رَعِيَّة	subject,citizen	attr	0.279
شُكر	thankfulness,thanks	attr	0.279
ضِيَاع	loss,waste	attr	0.279
طَرد	expulsion,dismissal,kicking_out	attr	0.279
طَعن	stabbing,challenging	attr	0.279
طَقس	ritual,rite	attr	0.279
عَدَاء	aggression,hostility,anti_-	attr	0.279
فَلسَفَة	philosophy	attr	0.279
لِسَان	tongue	attr	0.279
مَشعَر	feeling,sense,emotions	attr	0.279
مُصطَلَح	technical_term,terminology	attr	0.279
مُعَارِض	opponent,adversary,opposition	attr	0.279
مَكَانَة	position,standing	attr	0.279
هَدم	demolition,razing	attr	0.279
وَطَنِيَّة	nationalism,patriotism	attr	0.279
وَعي	consciousness,awareness,attention	attr	0.279
تَقدِير	estimate,calculation,appreciation,appraisal,gratitude	attr	0.288
عَمَالَة	labor_force,employment	attr	0.288
بَيَان	communique,statement,declaration	attr	0.292
حَلّ	solution,dissolution,cancellation	attr	0.294
جَوّ	climate,atmosphere,air	attr	0.308
حِين	time,moment,opportunity	attr	0.308
رِعَايَة	custody,protection,sponsorship	attr	0.308
عَدُوّ	enemy	attr	0.308
عِيد	feast,holiday,festival	attr	0.308
قُنبُلَة	bomb,shell,grenade	attr	0.308
كِتَاب	book	attr	0.31
أَخذ	seizure,taking	attr	0.317
إِلحَاق	joining,enrollment	attr	0.317
اِجتِيَاح	invasion,strike	attr	0.317
تَأخِير	delay	attr	0.317
تَحَرِّي	investigation,inquiry	attr	0.317
تُرَاث	heritage,inheritance	attr	0.317
تَرشِيد	guidance	attr	0.317
تَسَلُّل	infiltration	attr	0.317
تَعَاقُد	contract,agreement	attr	0.317
تَعقِيد	complication,confusion	attr	0.317
تَنَوُّع	variety,diversity	attr	0.317
شُرب	drinking	attr	0.317
شَقِيق	brother	attr	0.317
صَاحِبَة	owner,originator	attr	0.317
صَدر	chest,bosom	attr	0.317
صَوغ	molding,shaping	attr	0.317
عُرُوبَة	Arabism	attr	0.317
مَضمُون	content	attr	0.317
نِضَال	struggle,battle	attr	0.317
إِسلَام	Islam	attr	0.323
بَند	article,clause	attr	0.327
ضَبط	adjusting,regulating,precision	attr	0.327
كَشف	report,revelation,disclosure,examination	attr	0.327
وُقُوع	occurrence,happening	attr	0.327
خُرُوج	exit,getting_out,departure,deviation	attr	0.347
سَحب	withdrawal,pulling_out,remove	attr	0.347
مَزِيَّة	feature,advantage	attr	0.347
رِسَالَة	letter,communication,dissertation,messages	attr	0.348
إِعلَان	declaration,statement,announcement	attr	0.351
إِتمَام	completion,realization	attr	0.354
إِقَالَة	dismissal,discharge	attr	0.354
اِطِّلَاع	examination,inspection,knowledge	attr	0.354
اِكتِشَاف	discovery	attr	0.354
تَبَنِّي	adoption	attr	0.354
تَثبِيت	substantiation,stabilization	attr	0.354
تَجَاهُل	ignoring,disregard,feigned_ignorance	attr	0.354
تَحَرُّر	liberation	attr	0.354
تَصَرُّف	behavior,conduct,disposal	attr	0.354
تَصمِيم	plan,sketch,design	attr	0.354
جِوَار	near,proximity	attr	0.354
حِذر	caution	attr	0.354
حَرَارَة	temperature,heat,fever	attr	0.354
شُعُور	feeling,sentiment,awareness	attr	0.354
طَابِع	impression,character,personality	attr	0.354
فَائِض	surplus,overflow,interest	attr	0.354
مُخَابَرَات	intelligence_service,secret_service	attr	0.354
مُرشِد	guide,instructor,adviser	attr	0.354
مُكَوِّن	constituent,component,element	attr	0.354
تَرَاجُع	retreat,backing_down,retraction	attr	0.365
وَارِدَات	imports,returns	attr	0.365
فَحص	examination,checkup,scrutiny	attr	0.367
عُنوَان	title,headline	attr	0.386
أُمّ	mother	attr	0.388
أَوَان	time,moment	attr	0.388
إِحيَاء	commemoration,revival	attr	0.388
إِفطَار	breaking_the_fast	attr	0.388
اِقتِرَاض	loan	attr	0.388
تَقنِيَّة	technique,technology	attr	0.388
شِعَار	slogan,motto	attr	0.388
عُثُور	discovery	attr	0.388
قُطب	leader,top_figure	attr	0.388
كِيَان	entity	attr	0.388
مَاضِي	past	attr	0.388
مِصدَاقِيَّة	credibility	attr	0.388
مُعَلِّم	teacher	attr	0.388
مَفهُوم	concept,notion,sense,meaning,definition	attr	0.388
مُفَوَّض	commissioner,delegate,authorized_agent	attr	0.388
مَكسَب	gain,profit,earnings	attr	0.388
مَوضِع	place,position	attr	0.388
مَولُود	newborn_infant	attr	0.388
وَصف	characteristic	attr	0.388
قِيَادَة	leadership,command,leaders,commanders	attr	0.401
نَتِيجَة	result,consequence	attr	0.405
هَدَف	goal,objective,intention	attr	0.412
إِبرَام	ratification,conclusion	attr	0.421
إِبقَاء	continuation,preservation	attr	0.421
تَرك	leaving,omission	attr	0.421
تَعمِير	renovation,reconstruction	attr	0.421
تَقسِيم	partition,division,distribution,proportions,features	attr	0.421
تَقلِيص	reducing,shrinking,cutbacks,reductions	attr	0.421
تَورِيث	hereditary_transmission	attr	0.421
تَولِيد	production,generation	attr	0.421
رَمز	sign,symbol,emblem	attr	0.421
شُهرَة	reputation,fame	attr	0.421
عَقِيدَة	doctrine,creed,dogma	attr	0.421
مُحَقِّق	investigator,editor	attr	0.421
مُعَادَاة	hostility,enemity	attr	0.421
مِلَفَّة	dossier,letter_file	attr	0.421
نَفَقَة	expenditure,disbursement	attr	0.421
صُورَة	picture,image,illustration,photo,photograph	attr	0.422
تَجرِبَة	experience,experiment	attr	0.426
سَبِيل	way,road	attr	0.426
مَبدَأ	principle,basis	attr	0.426
مُنتَج	product,production,manufactured_goods	attr	0.427
بَطَل	hero,champion,star	attr	0.451
تَرجَمَة	translation,interpretation	attr	0.451
تَرخِيص	granting_of_permission,licensing	attr	0.451
تَفَادِي	avoidance,avoiding	attr	0.451
تَهرِيب	smuggling,illicit_trade,contrabandage	attr	0.451
حِرَاسَة	guard,escort,protection	attr	0.451
دُستُور	constitution,statute	attr	0.451
رِهَان	wager,contest,betting	attr	0.451
سَلَامَة	security,safety,integrity	attr	0.451
سُلُوك	behavior,conduct	attr	0.451
شَخصِيَّة	identity,person,personality	attr	0.451
غَضَب	anger,wrath	attr	0.451
غِيَار	exchange,interchange,replacement	attr	0.451
لَقَب	title,nickname	attr	0.451
لَهجَة	tone,dialect	attr	0.451
مِثَال	example,model,proverbs	attr	0.451
وَعد	promise	attr	0.451
لَاعِب	player,athlete	attr	0.454
أُسرَة	family,community	attr	0.462
سَيطَرَة	control,dominion	attr	0.462
أَسِير	prisoner,captive	attr	0.48
إِحدَاث	effectuation,implementation	attr	0.48
إِرسَال	transmission,broadcast	attr	0.48
إِغلَاق	locking,closing,barring	attr	0.48
إِيرَاد	revenue,yield,profit	attr	0.48
اِستِغلَال	exploitation,utilization	attr	0.48
اِستِقلَال	independence,autonomy,boarding	attr	0.48
تَفجِير	blowing_up,exploding,detonating	attr	0.48
حُبّ	love,affection	attr	0.48
حُجَّة	pretext	attr	0.48
خُطُورَة	importance,gravity,danger	attr	0.48
ظُهُور	appearance,emergence	attr	0.48
كَفَاءَة	competence,suitability,proficiency,qualification,capability	attr	0.48
مَرتَبَة	level,degree,rank,class	attr	0.48
مُسَانَدَة	support,aid	attr	0.48
مُقَاتِل	combatant,warrior	attr	0.48
نُسخَة	copy,version,edition	attr	0.48
شَبّ	young_man,youth	attr	0.497
نَجَاح	success	attr	0.497
تَصرِيح	declaration,statement	attr	0.502
حُرِّيَّة	freedom	attr	0.507
اِنهِيَار	collapse,downfall,breakdown	attr	0.508
دَعوَى	lawsuit,allegation,legal_action	attr	0.508
شِرَاكَة	partnership	attr	0.508
شُغل	work,activity,occupation,labor,business	attr	0.508
صُدُور	appearance,issuance	attr	0.508
طَائِفَة	sect,party,faction	attr	0.508
عَصر	age,period,epoch	attr	0.508
عِنَايَة	care,attention,concern	attr	0.508
قِسط	allotment,installment	attr	0.508
مَخزَن	storehouse,depot,shop	attr	0.508
مَديُونِيَّة	indebtedness,obligation	attr	0.508
مُعَالَجَة	treatment,therapy,processing	attr	0.508
مَقعَد	seat	attr	0.508
وَلِيّ	successor,heir,patron,responsible,guardian	attr	0.508
إِجلَاء	evacuation,withdrawal	attr	0.534
إِرَادَة	desire,will	attr	0.534
إِقرَاض	lending,loan	attr	0.534
اِنفِتَاح	opening_up,receptiveness,openness	attr	0.534
تَكوِين	structure,education	attr	0.534
تَوزِيع	distribution	attr	0.534
خَلفِيَّة	background	attr	0.534
طُول	length,height	attr	0.534
عِبَارَة	expression	attr	0.534
مَزرَعَة	farm,arable_land,plantation	attr	0.534
هِجرَة	emigration,exodus,departure,exit,Hegira	attr	0.534
إِصَابَة	affliction	attr	0.546
سَاكِن	resident,inhabitant	attr	0.551
غَرب	west,West,Occident	attr	0.555
اِحتِفَال	celebration,ceremony	attr	0.559
تَضَامُن	solidarity,cooperation	attr	0.559
تَمثِيل	representation,acting,exemplification	attr	0.559
تَنشِيط	stimulation,encouragement	attr	0.559
جُملَة	sentence,clause,group,whole	attr	0.559
جُمهُور	multitude,public,masses	attr	0.559
سِجن	prison	attr	0.559
طَبع	printing	attr	0.559
مُسَاعَدَة	assistance,support	attr	0.561
نِصف	half,middle,semi_-	attr	0.577
اِستِجَابَة	compliance,replying	attr	0.582
اِنتِهَاك	violation,contravention,encroachments	attr	0.582
تَحرِيك	making_move,stimulating,activating	attr	0.582
تَحلِيل	analysis,dissolution	attr	0.582
تَدرِيس	teaching,instruction,faculty	attr	0.582
تَوقِيت	time_standard	attr	0.582
جَنَاح	wing,flank	attr	0.582
حَصِيلَة	result,revenue,proceeds	attr	0.582
صِرَاع	struggle,fight	attr	0.582
طَلَاق	divorce	attr	0.582
مُقَابَلَة	encounter,meeting,interview	attr	0.582
هَاتِف	telephone	attr	0.582
اِستِهلَاك	consuming,consumption,discharge,amortization	attr	0.604
تَصعِيد	escalation,intensification	attr	0.604
ثَمَن	value,price	attr	0.604
قَصر	limiting,restricting	attr	0.604
لَيلَة	night,evening,soirees	attr	0.604
مُرُور	traffic,passing,crossing	attr	0.604
مَلَامِح	features,characteristics	attr	0.604
نَادِي	club,association	attr	0.604
هَامِش	margin,periphery,sideline	attr	0.604
حُكم	judgment,decision,statutes	attr	0.629
سَيَّارَة	car,automobile,vehicle	attr	0.637
نِيَّة	intention,purpose,desire	attr	0.647
تَفعِيل	scansion,activation	attr	0.653
خِيَار	option,choice,selection	attr	0.653
نِهَايَة	end,termination	attr	0.653
سِعر	price,rate	attr	0.655
إِنهَاء	termination,completion	attr	0.659
اِختِيَار	choice,selection,preference	attr	0.659
تَسوِيَة	settlement,solution	attr	0.659
زِرَاعَة	agriculture,cultivation	attr	0.659
سَدَاد	payment,appropriateness	attr	0.659
قُبُول	admission,acceptance	attr	0.659
تَشجِيع	encouragement,promotion,support	attr	0.673
بُعد	dimension,distance	attr	0.687
تَدرِيب	training,coaching,practice,exercises,drills	attr	0.694
سَفِينَة	ship,vessel	attr	0.694
عِلَاج	medical_treatment,therapy,processing	attr	0.694
مُتَابَعَة	pursuit,continuation	attr	0.694
تَهدِيد	threat,menace	attr	0.702
تَوجِيه	directing,guiding,sending	attr	0.702
عَائِد	revenue,profit,royalty	attr	0.702
قَائِمَة	list,index	attr	0.709
وَسط	middle,center,environment,circles,quarters	attr	0.717
مَورِد	source,resource	attr	0.738
تَحرِير	liberation,liberating,editorship,editing	attr	0.748
تَعزِيز	support,backing,in_support_of	attr	0.748
أَهَمِّيَّة	importance,significance	attr	0.752
عُنصُر	element,factor,individuals,members	attr	0.76
اِتِّخَاذ	taking,adoption	attr	0.764
مَنع	prevention,interdiction	attr	0.764
ضَمَان	guarantee,insurance	attr	0.768
قَائِد	leader,commander	attr	0.778
اِتِّجَاه	direction,course	attr	0.782
عُملَة	currency	attr	0.788
صِحَّة	health,truth,correctness	attr	0.79
مَال	money,capital,funds,assets	attr	0.829
تَحقِيق	achievement,realization	attr	0.852
حُكُومَة	government,administration	attr	0.914
اِستِعَادَة	recovery,reclamation	attr	1
اِنطِلَاق	departure,release	attr	1
تَقَدُّم	progress,coming_forward	attr	1
تَورِيد	provision,supply,furnishing	attr	1
جُندِيّ	soldier,private	attr	1
رُكن	foundation,support,corner,fundamentals,general_staff	attr	1
كُلِّيَّة	faculty,college,institute	attr	1
مَدرَسَة	school	attr	1
وَزِير	minister	rep	1.37E-12
رَئِيس	president,head,chairman	rep	3.62E-12
عَام	year	rep	2.64E-10
مِنطَقَة	area,zone,territory	rep	1.18E-09
شَرِكَة	company,corporation	rep	2.23E-09
دَولَة	state,country	rep	4.23E-09
سُوق	market	rep	1.94E-06
مَسؤُول	official,functionary	rep	6.27E-05
اِتِّفَاق	agreement,accord,treaty	rep	0.000187
قِطَاع	sector,section,Strip_(_Gaza_)	rep	0.000189
شَرق	east,East,Orient	rep	0.000276
مَشرُوع	project,enterprise	rep	0.000321
وِلَايَة	mandate,term	rep	0.000395
صِنَاعَة	manufacture,industry,trade,craft	rep	0.000569
مَصدَر	source	rep	0.000763
مَدِينَة	city	rep	0.000822
لَجنَة	council,committee,commission	rep	0.000882
وِزَارَة	ministry	rep	0.0012
لُبنَان	Lebanon	rep	0.00248
عَالَم	world	rep	0.00249
تَعَاوُن	cooperation	rep	0.00342
سُلطَة	power,authority,rule	rep	0.00358
أُمَّة	nation,people	rep	0.00543
مَجَال	area,field,arena,context	rep	0.00565
وَضع	laying_down,putting,placing	rep	0.00585
تَقرِير	decision,determination	rep	0.00672
مُنَظَّمَة	organization	rep	0.00942
مَركَز	center,station	rep	0.0135
تِجَارَة	commerce,business	rep	0.0156
عَمَلِيَّة	operation,mission,process	rep	0.0157
نِظَام	regime,government	rep	0.0192
زِيَادَة	increase,addition	rep	0.0205
عَدَم	absence_of,lack_of,non_-	rep	0.0266
يَوم	day,today	rep	0.0269
شَمَال	north,northern	rep	0.0328
بَحث	discussion	rep	0.0359
مَجمُوعَة	collection,group,bloc	rep	0.0359
رَجُل	man,people	rep	0.0366
وَقت	time,moment,period_of_time	rep	0.0373
أَمر	matter,issue	rep	0.0511
طَلَب	quest,search	rep	0.0516
إِعَادَة	return,repetition,re_-_(_doing_)	rep	0.0523
حِزب	party,band	rep	0.0544
جَيش	army,troops	rep	0.0652
مُستَثمِر	investor	rep	0.0652
حَرب	war,warfare	rep	0.0658
جَنُوب	south	rep	0.0659
شَكل	manner,form,configuration,type	rep	0.0663
سِيَاسَة	policy	rep	0.0695
إِجرَاء	conducting,undertaking,carrying_out	rep	0.088
إِصلَاح	reform,restoration,correction,amendment	rep	0.0921
مُستَشفَى	hospital	rep	0.0923
شَخص	individual,person	rep	0.0932
قَضِيَّة	problem,issue	rep	0.0938
إِنشَاء	construction,installation	rep	0.095
رَفع	raising,lifting,increasing	rep	0.095
فُرصَة	opportunity,chance	rep	0.095
دِرَاسَة	study,research	rep	0.0951
عَامِل	worker	rep	0.097
بِنَاء	building,constructing	rep	0.0978
جَمعِيَّة	association,society	rep	0.132
اِقتِصَاد	economy,saving	rep	0.136
اِنخِفَاض	decrease,reduction	rep	0.136
مُؤَسَّسَة	institution,organization,foundation	rep	0.138
نَفط	petroleum,oil	rep	0.138
قَانُون	law,statutes,regulations,rules	rep	0.151
حَال	situation,condition,case	rep	0.179
تَنمِيَة	development,growth	rep	0.181
طَرِيقَة	method,procedure,manners	rep	0.186
مُدِير	director,manager,chief	rep	0.186
مُحَاوَلَة	attempt,effort	rep	0.188
دِفَاع	defense	rep	0.19
صَرف	diverting,spending	rep	0.19
أَجل	for_sake_of,because_of	rep	0.194
خَارِجِيَّة	foreign_ministry,foreign_office	rep	0.253
سَبَب	reason,cause	rep	0.254
أَمِين	secretary,trustees	rep	0.262
إِرهَاب	terrorism,terrorizing	rep	0.263
مَاء	water	rep	0.263
مَصنَع	factory,industrial_plant	rep	0.329
اِتِّصَال	contact,communication,connection,relation,relationship	rep	0.332
فَائِدَة	benefit,use	rep	0.334
دَعوَة	call,invitation,supplication	rep	0.369
نِسَاء	women	rep	0.369
مُبَادَرَة	initiative,proposal	rep	0.37
خَفض	lowering,decreasing,reduction	rep	0.372
فَرِيق	team,band	rep	0.372
مُجتَمَع	society	rep	0.372
إِطلَاق	firing	rep	0.375
رِئَاسَة	presidency,leadership,chairmanship	rep	0.375
فَرد	individual,unit	rep	0.375
رَقم	number,numeral,record	rep	0.378
حَدّ	extent,limit,border,frontier,stop,halt	rep	0.394
اِستِقرَار	stability	rep	0.44
مُعَدَّل	average,rate,mean	rep	0.441
سِلعَة	commodity,commercial_article,commercial_goods	rep	0.443
نَائِب	deputy,delegate,vice_-	rep	0.505
تَسهِيل	facilitation,assistance	rep	0.518
مِلَفّ	file,dossier	rep	0.518
جُمهُورِيَّة	republic	rep	0.52
سُؤَال	question,inquiry	rep	0.52
أَسَاس	foundation,basis	rep	0.522
بِترُول	petroleum	rep	0.522
مُسلِم	Muslim	rep	0.525
جَمِيع	everyone,all	rep	0.529
مُشكِلَة	problem,issue,inconvenience	rep	0.529
تَأمِين	insurance,guarantee	rep	0.53
حَجم	volume,size	rep	0.531
قَاعِدَة	base	rep	0.585
مُؤتَمَر	conference,convention	rep	0.586
أَحَد	one,someone	rep	0.588
تَنظِيم	organization,network	rep	0.588
إِنقَاذ	rescue,salvation,relief	rep	0.589
عُضو	member	rep	0.59
أَمن	security,safety	rep	0.608
كُلّ	every,all,each,whole,entirety	rep	0.624
اِستِمرَار	continuation,continuity	rep	0.632
اِرتِفَاع	rise,increase,elevation	rep	0.691
إِعدَاد	preparation	rep	0.722
اِعتِمَاد	reliance,dependence,recognition	rep	0.722
صَفقَة	deal,transaction	rep	0.722
طَالِب	student	rep	0.722
فَتح	Fatah_(_PLO_branch_)	rep	0.722
قِبَل	(_on_the_)_part_of	rep	0.722
مُسَاعِدَة	assistant,supporter	rep	0.722
مُمَثِّل	representative,delegate	rep	0.722
نَاحِيَة	side,perspective,areas,regions	rep	0.722
نُمُوّ	development,growth,progress	rep	0.722
آلِيَّة	automation,mechanism	rep	0.723
اِستِعدَاد	preparation	rep	0.723
مُوَازَنَة	budget	rep	0.723
عِلم	science,study_of	rep	0.726
اِنتِهَاء	finishing,completion,conclusion	rep	0.728
تَكلِفَة	cost,expense,charge	rep	0.728
دَرس	lesson,study,classes	rep	0.728
تَحَرُّك	movement,motion,activity	rep	0.73
مُقَاطَعَة	region,district,county	rep	0.73
حِسَاب	calculation,appraisal	rep	0.733
إِحدَى	one,someone	rep	0.77
تَعَامُل	relations,dealings	rep	0.77
سَفِير	ambassador	rep	0.77
مُوَاجَهَة	encounter,confrontation	rep	0.77
مَادَّة	article,paragraph	rep	0.776
اِنتِخَاب	election,selection	rep	0.799
خِدمَة	service,assistance	rep	0.799
عَاصِمَة	capital_city	rep	0.799
وَقف	stopping,ceasing	rep	0.799
طَاقَة	energy,power,potential	rep	0.82
إِدَارَة	administration,management,bureau	rep	0.877
أَخ	brother	rep	1
أَزمَة	crisis	rep	1
أُسلُوب	style,method,manner,modes	rep	1
إِجمَالِيّ	total,full_amount,totality	rep	1
إِنجَاز	accomplishment,achievement,success	rep	1
اِحتِلَال	occupation	rep	1
اِحتِيَاط	reserve	rep	1
اِستِثمَار	investment,investing	rep	1
اِقتِرَاح	proposal,suggestion	rep	1
اِنضِمَام	joining,affiliation,annexation	rep	1
بِدَايَة	beginning,start	rep	1
بَرنَامَج	program	rep	1
بَعثَة	delegation,mission	rep	1
بِنيَة	structure,make_-_up	rep	1
بَيت	house	rep	1
تَجَمُّع	gathering,assembly	rep	1
تَدَاعِي	association,mutual_summoning	rep	1
تَصفِيَة	clearing,liquidation,elimination_series_(_sports_)	rep	1
تَموِيل	financing,funding,backing	rep	1
تَوَسُّع	expansion	rep	1
تَوَقُّع	expectation,anticipation	rep	1
تَيَّار	current,stream	rep	1
ثَورَة	revolution,uprising	rep	1
جَذب	attraction	rep	1
جُرح	wound,injury	rep	1
جَرِيمَة	crime	rep	1
حَاجَة	need,thing,belongings,necessities	rep	1
حُدُوث	occurrence,happening	rep	1
حَظر	prohibition,ban	rep	1
حُلُول	advent,beginning,start,arrival	rep	1
حِمَايَة	protection,protecting	rep	1
خَارِج	outside,exterior,outer_part,overseas,abroad	rep	1
خَبَر	news,report	rep	1
خُطَّة	plan,project	rep	1
خَطوَة	step,stride	rep	1
خِلَاف	dispute,controversy,conflict	rep	1
دَم	blood	rep	1
دَورَة	championship,tournament	rep	1
رَدّ	return,repulsion	rep	1
سُرعَة	speed,velocity,promptness	rep	1
سِلَاح	weapon	rep	1
سَهم	share,stock	rep	1
شَحن	transportation,shipment,freighting	rep	1
شِرَاء	purchase,buying,purchasing	rep	1
شَهَادَة	certificate,witness,testimony	rep	1
صَارُوخ	missile,rocket	rep	1
صَالِح	advantage,interest	rep	1
صَوت	voice,sound	rep	1
ضَرب	beating,hitting,striking	rep	1
ضُعف	weakness,impotence	rep	1
ضَوء	light	rep	1
طِفل	child,infant,boy	rep	1
عَبد	Abd	rep	1
عَجز	deficit,insolvency	rep	1
عُدوَان	aggression,hostility,enmity	rep	1
عَقد	contract,agreement	rep	1
عُمق	depth,bottom	rep	1
عَمِيل	agent	rep	1
غَارَة	raid,foray,attack	rep	1
غَايَة	goal,objective,purpose,intention,extreme	rep	1
فَصِيلَة	group,genus,species,family,cell,branch,platoon,squadron	rep	1
فِيلم	film,movie	rep	1
قَدَم	foot,feet	rep	1
قَرَار	decision,resolution	rep	1
قَريَة	village	rep	1
قَضَاء	justice,judiciary	rep	1
مُبَارَاة	match,game,competition	rep	1
مَبنَى	building,structure	rep	1
مُحَامِي	lawyer,defense_counsel	rep	1
مُخَطَّط	plan,sketch	rep	1
مَدَى	extent,range,period,duration	rep	1
مُذَكِّرَة	reminder,memorandum,memoirs,diary	rep	1
مَرحَلَة	phase,stage,round	rep	1
مُستَلزَم	requirement	rep	1
مَسِيحِيّ	Christian	rep	1
مُعَارَضَة	opposition	rep	1
مُعتَقَل	prison_camp	rep	1
مَعدِن	mineral,metal	rep	1
مَعهَد	institute	rep	1
مُفَاوَضَة	negotiation,discussion,talks	rep	1
مَقتَل	murder,killing	rep	1
مَكَان	place,location,position	rep	1
مَكتَب	bureau,office,department	rep	1
مَلبَس	clothes,dress,attire	rep	1
مُمَارَسَة	practice,pursuit,exercise,activities,actions	rep	1
مَوعِد	appointment,date,rendezvous	rep	1
مِيزَان	balance,standard	rep	1
نَشر	publication,announcement	rep	1
نَظَر	view,look,seeing,glances,looking	rep	1
نَقل	transportation,transfer,transmission,relaying	rep	1
